"";"title";"Awards"
"1";"CODA";"3"
"2";"Dune";"6"
"3";"The Eyes of Tammy Faye";"2"
"4";"No Time to Die";"1"
"5";"The Windshield Wiper";"1"
"6";"The Long Goodbye";"1"
"7";"The Queen of Basketball";"1"
"8";"Summer of Soul";"1"
"9";"Drive My Car";"1"
"10";"Encanto";"1"
"11";"West Side Story";"1"
"12";"Belfast";"1"
"13";"The Power of the Dog";"1"
"14";"King Richard";"1"
"15";"Cruella";"1"
"16";"Nomadland";"3"
"17";"The Father";"2"
"18";"Judas and the Black Messiah";"2"
"19";"Minari";"1"
"20";"Mank";"2"
"21";"Sound of Metal";"2"
"22";"Ma Rainey's Black Bottom";"2"
"23";"Promising Young Woman";"1"
"24";"Tenet";"1"
"25";"Soul";"2"
"26";"Another Round";"1"
"27";"My Octopus Teacher";"1"
"28";"Colette";"1"
"29";"If Anything Happens I Love You";"1"
"30";"Two Distant Strangers";"1"
"31";"Parasite";"4"
"32";"Ford v Ferrari";"2"
"33";"Learning to Skateboard in a Warzone (If You're a Girl)";"1"
"34";"The Neighbors' Window";"1"
"35";"Little Women";"1"
"36";"Marriage Story";"1"
"37";"Jojo Rabbit";"1"
"38";"Toy Story 4";"1"
"39";"Joker";"2"
"40";"Once Upon a Time in Hollywood";"2"
"41";"1917";"3"
"42";"Judy";"1"
"43";"Bombshell";"1"
"44";"Rocketman";"1"
"45";"American Factory";"1"
"46";"Hair Love";"1"
"47";"Green Book";"3"
"48";"Bohemian Rhapsody";"4"
"49";"Roma";"3"
"50";"Black Panther";"3"
"51";"The Favourite";"1"
"52";"A Star Is Born";"1"
"53";"Vice";"1"
"54";"BlacKkKlansman";"1"
"55";"First Man";"1"
"56";"If Beale Street Could Talk";"1"
"57";"Bao";"1"
"58";"Free Solo";"1"
"59";"Period. End of Sentence.";"1"
"60";"Skin";"1"
"61";"Spider-Man: Into the Spider-Verse";"1"
"62";"The Shape of Water";"4"
"63";"Dunkirk";"3"
"64";"Three Billboards Outside Ebbing, Missouri";"2"
"65";"Darkest Hour";"2"
"66";"Blade Runner 2049";"2"
"67";"Coco";"2"
"68";"Phantom Thread";"1"
"69";"Call Me by Your Name";"1"
"70";"Get Out";"1"
"71";"I, Tonya";"1"
"72";"Dear Basketball";"1"
"73";"A Fantastic Woman";"1"
"74";"Heaven Is a Traffic Jam on the 405";"1"
"75";"Icarus";"1"
"76";"The Silent Child";"1"
"77";"Flesh and Sand (Carne y arena)";"0 (1)[1]"
"78";"Moonlight";"3"
"79";"La La Land";"6"
"80";"Hacksaw Ridge";"2"
"81";"Manchester by the Sea";"2"
"82";"Arrival";"1"
"83";"Fences";"1"
"84";"Fantastic Beasts and Where to Find Them";"1"
"85";"The Jungle Book";"1"
"86";"O.J.: Made in America";"1"
"87";"Piper";"1"
"88";"The Salesman";"1"
"89";"Sing";"1"
"90";"Suicide Squad";"1"
"91";"The White Helmets";"1"
"92";"Zootopia";"1"
"93";"Spotlight";"2"
"94";"Mad Max: Fury Road";"6"
"95";"The Revenant";"3"
"96";"Bridge of Spies";"1"
"97";"The Big Short";"1"
"98";"The Danish Girl";"1"
"99";"Room";"1"
"100";"The Hateful Eight";"1"
"101";"Ex Machina";"1"
"102";"Inside Out";"1"
"103";"Amy";"1"
"104";"Bear Story";"1"
"105";"A Girl in the River: The Price of Forgiveness";"1"
"106";"Son of Saul";"1"
"107";"Spectre";"1"
"108";"Stutterer";"1"
"109";"Birdman or (The Unexpected Virtue of Ignorance)";"4"
"110";"The Grand Budapest Hotel";"4"
"111";"Whiplash";"3"
"112";"The Imitation Game";"1"
"113";"American Sniper";"1"
"114";"Boyhood";"1"
"115";"Interstellar";"1"
"116";"The Theory of Everything";"1"
"117";"Ida";"1"
"118";"Selma";"1"
"119";"Citizenfour";"1"
"120";"Big Hero 6";"1"
"121";"Crisis Hotline: Veterans Press 1";"1"
"122";"The Phone Call";"1"
"123";"Still Alice";"1"
"124";"Feast";"1"
"125";"12 Years a Slave";"3"
"126";"Gravity";"7"
"127";"Dallas Buyers Club";"3"
"128";"Frozen";"2"
"129";"The Great Gatsby";"2"
"130";"Her";"1"
"131";"Blue Jasmine";"1"
"132";"Mr Hublot";"1"
"133";"The Lady in Number 6";"1"
"134";"Helium";"1"
"135";"The Great Beauty";"1"
"136";"20 Feet from Stardom";"1"
"137";"Argo";"3"
"138";"Life of Pi";"4"
"139";"Les Misérables";"3"
"140";"Lincoln";"2"
"141";"Django Unchained";"2"
"142";"Skyfall";"2"
"143";"Silver Linings Playbook";"1"
"144";"Zero Dark Thirty";"1"
"145";"Amour";"1"
"146";"Anna Karenina";"1"
"147";"Paperman";"1"
"148";"Brave";"1"
"149";"Searching for Sugar Man";"1"
"150";"Inocente";"1"
"151";"Curfew";"1"
"152";"The Artist";"5"
"153";"Hugo";"5"
"154";"The Iron Lady";"2"
"155";"The Descendants";"1"
"156";"The Girl with the Dragon Tattoo";"1"
"157";"Midnight in Paris";"1"
"158";"The Help";"1"
"159";"A Separation";"1"
"160";"The Fantastic Flying Books of Mr. Morris Lessmore";"1"
"161";"The Shore";"1"
"162";"Undefeated";"1"
"163";"The Muppets";"1"
"164";"Saving Face";"1"
"165";"Beginners";"1"
"166";"Rango";"1"
"167";"The King's Speech";"4"
"168";"Inception";"4"
"169";"The Social Network";"3"
"170";"The Fighter";"2"
"171";"Toy Story 3";"2"
"172";"Alice in Wonderland";"2"
"173";"Black Swan";"1"
"174";"In a Better World";"1"
"175";"The Lost Thing";"1"
"176";"God of Love";"1"
"177";"The Wolfman";"1"
"178";"Strangers No More";"1"
"179";"Inside Job";"1"
"180";"The Hurt Locker";"6"
"181";"Avatar";"3"
"182";"Precious";"2"
"183";"Up";"2"
"184";"Crazy Heart";"2"
"185";"Inglourious Basterds";"1"
"186";"Star Trek";"1"
"187";"The Young Victoria";"1"
"188";"The Blind Side";"1"
"189";"Music by Prudence";"1"
"190";"The Secret in Their Eyes";"1"
"191";"The Cove";"1"
"192";"The New Tenants";"1"
"193";"Logorama";"1"
"194";"Slumdog Millionaire";"8"
"195";"The Curious Case of Benjamin Button";"3"
"196";"Milk";"2"
"197";"The Dark Knight";"2"
"198";"WALL-E";"1"
"199";"The Reader";"1"
"200";"The Duchess";"1"
"201";"Departures";"1"
"202";"Vicky Cristina Barcelona";"1"
"203";"Smile Pinki";"1"
"204";"Man on Wire";"1"
"205";"Toyland";"1"
"206";"La Maison en Petits Cubes";"1"
"207";"No Country for Old Men";"4"
"208";"The Bourne Ultimatum";"3"
"209";"There Will Be Blood";"2"
"210";"La Vie en rose";"2"
"211";"Atonement";"1"
"212";"Michael Clayton";"1"
"213";"Ratatouille";"1"
"214";"Juno";"1"
"215";"Sweeney Todd: The Demon Barber of Fleet Street";"1"
"216";"The Golden Compass";"1"
"217";"Elizabeth: The Golden Age";"1"
"218";"Taxi to the Dark Side";"1"
"219";"Peter & the Wolf";"1"
"220";"Once";"1"
"221";"Le Mozart des pickpockets";"1"
"222";"The Counterfeiters (Die Fälscher)";"1"
"223";"Freeheld";"1"
"224";"The Departed";"4"
"225";"Pan's Labyrinth (El laberinto del fauno)";"3"
"226";"Dreamgirls";"2"
"227";"Little Miss Sunshine";"2"
"228";"An Inconvenient Truth";"2"
"229";"Babel";"1"
"230";"The Queen";"1"
"231";"Letters from Iwo Jima";"1"
"232";"Pirates of the Caribbean: Dead Man's Chest";"1"
"233";"The Danish Poet";"1"
"234";"Happy Feet";"1"
"235";"The Last King of Scotland";"1"
"236";"The Lives of Others (Das Leben der Anderen)";"1"
"237";"Marie Antoinette";"1"
"238";"West Bank Story";"1"
"239";"The Blood of Yingzhou District";"1"
"240";"Crash";"3"
"241";"Brokeback Mountain";"3"
"242";"Memoirs of a Geisha";"3"
"243";"King Kong";"3"
"244";"Capote";"1"
"245";"Walk the Line";"1"
"246";"The Constant Gardener";"1"
"247";"The Chronicles of Narnia: The Lion, the Witch and the Wardrobe";"1"
"248";"Hustle & Flow";"1"
"249";"Syriana";"1"
"250";"March of the Penguins (La Marche de l'empereur)";"1"
"251";"Six Shooter";"1"
"252";"The Moon and the Son: An Imagined Conversation";"1"
"253";"A Note of Triumph: The Golden Age of Norman Corwin";"1"
"254";"Tsotsi";"1"
"255";"Wallace & Gromit: The Curse of the Were-Rabbit";"1"
"256";"Million Dollar Baby";"4"
"257";"The Aviator";"5"
"258";"Ray";"2"
"259";"The Incredibles";"2"
"260";"Finding Neverland";"1"
"261";"Sideways";"1"
"262";"Lemony Snicket's A Series of Unfortunate Events";"1"
"263";"Spider-Man 2";"1"
"264";"Eternal Sunshine of the Spotless Mind";"1"
"265";"The Motorcycle Diaries";"1"
"266";"The Sea Inside";"1"
"267";"Born into Brothels";"1"
"268";"Mighty Times: The Children's March";"1"
"269";"Wasp";"1"
"270";"Ryan";"1"
"271";"The Lord of the Rings: The Return of the King";"11"
"272";"Master and Commander: The Far Side of the World";"2"
"273";"Mystic River";"2"
"274";"Cold Mountain";"1"
"275";"Lost in Translation";"1"
"276";"Finding Nemo";"1"
"277";"The Barbarian Invasions";"1"
"278";"Two Soldiers";"1"
"279";"Monster";"1"
"280";"Harvie Krumpet";"1"
"281";"Chernobyl Heart";"1"
"282";"The Fog of War";"1"
"283";"Chicago";"6"
"284";"The Pianist";"3"
"285";"The Lord of the Rings: The Two Towers";"2"
"286";"Frida";"2"
"287";"The Hours";"1"
"288";"Road to Perdition";"1"
"289";"Adaptation";"1"
"290";"Talk to Her (Hable con ella)";"1"
"291";"This Charming Man (Der Er En Yndig Mand)";"1"
"292";"Spirited Away";"1"
"293";"Nowhere in Africa (Nirgendwo in Afrika)";"1"
"294";"The ChubbChubbs!";"1"
"295";"Twin Towers";"1"
"296";"Bowling for Columbine";"1"
"297";"8 Mile";"1"
"298";"A Beautiful Mind";"4"
"299";"The Lord of the Rings: The Fellowship of the Ring";"4"
"300";"Moulin Rouge!";"2"
"301";"Black Hawk Down";"2"
"302";"Gosford Park";"1"
"303";"Monsters, Inc.";"1"
"304";"Pearl Harbor";"1"
"305";"Iris";"1"
"306";"Shrek";"1"
"307";"Training Day";"1"
"308";"Monster's Ball";"1"
"309";"Thoth";"1"
"310";"For the Birds";"1"
"311";"No Man's Land";"1"
"312";"Murder on a Sunday Morning (Un coupable idéal)";"1"
"313";"The Accountant";"1"
"314";"Gladiator";"5"
"315";"Crouching Tiger, Hidden Dragon";"4"
"316";"Traffic";"4"
"317";"Erin Brockovich";"1"
"318";"Almost Famous";"1"
"319";"Wonder Boys";"1"
"320";"How the Grinch Stole Christmas";"1"
"321";"U-571";"1"
"322";"Pollock";"1"
"323";"Father and Daughter";"1"
"324";"Into the Arms of Strangers: Stories of the Kindertransport";"1"
"325";"Quiero ser (I want to be...)";"1"
"326";"Big Mama";"1"
"327";"American Beauty";"5"
"328";"The Matrix";"4"
"329";"The Cider House Rules";"2"
"330";"Topsy-Turvy";"2"
"331";"Sleepy Hollow";"1"
"332";"Boys Don't Cry";"1"
"333";"Tarzan";"1"
"334";"One Day in September";"1"
"335";"The Red Violin (Le violon rouge)";"1"
"336";"The Old Man and the Sea";"1"
"337";"My Mother Dreams the Satan's Disciples in New York";"1"
"338";"King Gimp";"1"
"339";"Girl, Interrupted";"1"
"340";"All About My Mother (Todo sobre mi madre)";"1"
"341";"Shakespeare in Love";"7"
"342";"Saving Private Ryan";"5"
"343";"Life Is Beautiful (La vita è bella)";"3"
"344";"Elizabeth";"1"
"345";"Gods and Monsters";"1"
"346";"The Prince of Egypt";"1"
"347";"Affliction";"1"
"348";"What Dreams May Come";"1"
"349";"The Personals";"1"
"350";"The Last Days";"1"
"351";"Election Night (Valgaften)";"1"
"352";"Bunny";"1"
"353";"Titanic";"11"
"354";"Good Will Hunting";"2"
"355";"L.A. Confidential";"2"
"356";"As Good as It Gets";"2"
"357";"The Full Monty";"1"
"358";"Men in Black";"1"
"359";"Visas and Virtue";"1"
"360";"Character (Karakter)";"1"
"361";"Geri's Game";"1"
"362";"A Story of Healing";"1"
"363";"The Long Way Home";"1"
"364";"The English Patient";"9"
"365";"Fargo";"2"
"366";"Shine";"1"
"367";"Evita";"1"
"368";"Jerry Maguire";"1"
"369";"Independence Day";"1"
"370";"Emma";"1"
"371";"Sling Blade";"1"
"372";"The Ghost and the Darkness";"1"
"373";"Kolya";"1"
"374";"The Nutty Professor";"1"
"375";"Quest";"1"
"376";"When We Were Kings";"1"
"377";"Breathing Lessons: The Life and Work of Mark O'Brien";"1"
"378";"Dear Diary";"1"
"379";"Braveheart";"5"
"380";"Apollo 13";"2"
"381";"Pocahontas";"2"
"382";"The Usual Suspects";"2"
"383";"Restoration";"2"
"384";"Babe";"1"
"385";"Sense and Sensibility";"1"
"386";"Il Postino: The Postman";"1"
"387";"Dead Man Walking";"1"
"388";"Leaving Las Vegas";"1"
"389";"Mighty Aphrodite";"1"
"390";"Anne Frank Remembered";"1"
"391";"A Close Shave";"1"
"392";"Lieberman in Love";"1"
"393";"One Survivor Remembers";"1"
"394";"Antonia's Line (Antonia)";"1"
"395";"Toy Story";"0 (1)"
"396";"Forrest Gump";"6"
"397";"The Lion King";"2"
"398";"Speed";"2"
"399";"Ed Wood";"2"
"400";"Pulp Fiction";"1"
"401";"Bullets Over Broadway";"1"
"402";"The Madness of King George";"1"
"403";"Legends of the Fall";"1"
"404";"A Time for Justice";"1"
"405";"Franz Kafka's It's a Wonderful Life";"1"
"406";"Maya Lin: A Strong Clear Vision";"1"
"407";"Burnt by the Sun (Utomlyonnye solntsem)";"1"
"408";"Trevor";"1"
"409";"The Adventures of Priscilla, Queen of the Desert";"1"
"410";"Bob's Birthday";"1"
"411";"Blue Sky";"1"
"412";"Schindler's List";"7"
"413";"The Piano";"3"
"414";"Jurassic Park";"3"
"415";"Philadelphia";"2"
"416";"The Fugitive";"1"
"417";"The Age of Innocence";"1"
"418";"The Wrong Trousers";"1"
"419";"Belle Epoque (The Beautiful Era)";"1"
"420";"I Am a Promise: The Children of Stanton Elementary School";"1"
"421";"Mrs. Doubtfire";"1"
"422";"Black Rider (Schwarzfahrer)";"1"
"423";"Defending Our Lives";"1"
"424";"Unforgiven";"4"
"425";"Howards End";"3"
"426";"Bram Stoker's Dracula";"3"
"427";"Aladdin";"2"
"428";"The Crying Game";"1"
"429";"Scent of a Woman";"1"
"430";"A River Runs Through It";"1"
"431";"Indochine";"1"
"432";"My Cousin Vinny";"1"
"433";"The Panama Deception";"1"
"434";"Educating Peter";"1"
"435";"The Last of the Mohicans";"1"
"436";"Death Becomes Her";"1"
"437";"Omnibus";"1"
"438";"Mona Lisa Descending a Staircase";"1"
"439";"The Silence of the Lambs";"5"
"440";"Terminator 2: Judgment Day";"4"
"441";"Bugsy";"2"
"442";"JFK";"2"
"443";"Beauty and the Beast";"2"
"444";"Thelma & Louise";"1"
"445";"The Fisher King";"1"
"446";"In the Shadow of the Stars";"1"
"447";"Manipulation";"1"
"448";"Mediterraneo";"1"
"449";"Session Man";"1"
"450";"City Slickers";"1"
"451";"Deadly Deception: General Electric, Nuclear Weapons and Our Environment";"1"
"452";"Dances with Wolves";"7"
"453";"Dick Tracy";"3"
"454";"Ghost";"2"
"455";"Goodfellas";"1"
"456";"The Hunt for Red October";"1"
"457";"Reversal of Fortune";"1"
"458";"Cyrano de Bergerac";"1"
"459";"American Dream";"1"
"460";"Journey of Hope (Reise der Hoffnung)";"1"
"461";"Days of Waiting";"1"
"462";"Creature Comforts";"1"
"463";"The Lunch Date";"1"
"464";"Misery";"1"
"465";"Total Recall";"0 (1)"
"466";"Driving Miss Daisy";"4"
"467";"Glory";"3"
"468";"Born on the Fourth of July";"2"
"469";"My Left Foot";"2"
"470";"The Little Mermaid";"2"
"471";"Dead Poets Society";"1"
"472";"The Abyss";"1"
"473";"Indiana Jones and the Last Crusade";"1"
"474";"Henry V";"1"
"475";"The Johnstown Flood";"1"
"476";"Common Threads: Stories from the Quilt";"1"
"477";"Cinema Paradiso";"1"
"478";"Work Experience";"1"
"479";"Batman";"1"
"480";"Balance";"1"
"481";"Rain Man";"4"
"482";"Dangerous Liaisons";"3"
"483";"Who Framed Roger Rabbit";"3 (1)"
"484";"Mississippi Burning";"1"
"485";"Working Girl";"1"
"486";"The Accidental Tourist";"1"
"487";"A Fish Called Wanda";"1"
"488";"Pelle the Conqueror (Pelle erobreren)";"1"
"489";"The Accused";"1"
"490";"The Appointments of Dennis Jennings";"1"
"491";"Beetlejuice";"1"
"492";"Bird";"1"
"493";"Hôtel Terminus: The Life and Times of Klaus Barbie";"1"
"494";"The Milagro Beanfield War";"1"
"495";"Tin Toy";"1"
"496";"You Don't Have to Die";"1"
"497";"The Last Emperor";"9"
"498";"Moonstruck";"3"
"499";"The Untouchables";"1"
"500";"Babette's Feast (Babettes gæstebud)";"1"
"501";"Dirty Dancing";"1"
"502";"Harry and the Hendersons";"1"
"503";"Innerspace";"1"
"504";"The Man Who Planted Trees (L' Homme qui plantait des arbres)";"1"
"505";"Ray's Male Heterosexual Dance Hall";"1"
"506";"The Ten-Year Lunch";"1"
"507";"Wall Street";"1"
"508";"Young at Heart";"1"
"509";"RoboCop";"0 (1)"
"510";"Platoon";"4"
"511";"A Room with a View";"3"
"512";"Hannah and Her Sisters";"3"
"513";"Aliens";"2"
"514";"The Mission";"1"
"515";"Children of a Lesser God";"1"
"516";"The Color of Money";"1"
"517";"Top Gun";"1"
"518";"Round Midnight";"1"
"519";"Artie Shaw: Time Is All You've Got";"1"
"520";"The Assault (De Aanslag)";"1"
"521";"Down and Out in America";"1"
"522";"The Fly";"1"
"523";"A Greek Tragedy";"1"
"524";"Precious Images";"1"
"525";"Women – for America, for the World";"1"
"526";"Out of Africa";"7"
"527";"Witness";"2"
"528";"Cocoon";"2"
"529";"Prizzi's Honor";"1"
"530";"Back to the Future";"1"
"531";"Kiss of the Spider Woman";"1"
"532";"Ran";"1"
"533";"The Official Story (La Historia Oficial)";"1"
"534";"The Trip to Bountiful";"1"
"535";"White Nights";"1"
"536";"Anna & Bella";"1"
"537";"Broken Rainbow";"1"
"538";"Mask";"1"
"539";"Molly's Pilgrim";"1"
"540";"Witness to War: Dr. Charlie Clements";"1"
"541";"Amadeus";"8"
"542";"The Killing Fields";"3"
"543";"A Passage to India";"2"
"544";"Places in the Heart";"2"
"545";"Indiana Jones and the Temple of Doom";"1"
"546";"Charade";"1"
"547";"Dangerous Moves (La Diagonale du fou)";"1"
"548";"Purple Rain";"1"
"549";"The Stone Carvers";"1"
"550";"The Times of Harvey Milk";"1"
"551";"Up";"1"
"552";"The Woman in Red";"1"
"553";"The River";"0 (1)"
"554";"Terms of Endearment";"5"
"555";"The Right Stuff";"4"
"556";"Fanny & Alexander (Fanny och Alexander)";"4"
"557";"Tender Mercies";"2"
"558";"Yentl";"1"
"559";"Flashdance";"1"
"560";"Boys and Girls";"1"
"561";"Flamenco at 5:15";"1"
"562";"He Makes Me Feel Like Dancin'";"1"
"563";"Sundae in New York";"1"
"564";"The Year of Living Dangerously";"1"
"565";"Return of the Jedi";"0 (1)"
"566";"Gandhi";"8"
"567";"E.T.: The Extra-Terrestrial";"4"
"568";"An Officer and a Gentleman";"2"
"569";"Tootsie";"1"
"570";"Victor/Victoria";"1"
"571";"Sophie's Choice";"1"
"572";"Missing";"1"
"573";"If You Love This Planet";"1"
"574";"Just Another Missing Kid";"1"
"575";"A Shocking Accident";"1"
"576";"Tango";"1"
"577";"To Begin Again (Volver a empezar)";"1"
"578";"Quest for Fire";"1"
"579";"Chariots of Fire";"4"
"580";"Raiders of the Lost Ark";"4 (1)"
"581";"Reds";"3"
"582";"On Golden Pond";"3"
"583";"Arthur";"2"
"584";"An American Werewolf in London";"1"
"585";"Close Harmony";"1"
"586";"Crac";"1"
"587";"Genocide";"1"
"588";"Mephisto";"1"
"589";"Violet";"1"
"590";"Ordinary People";"4"
"591";"Tess";"3"
"592";"Raging Bull";"2"
"593";"Fame";"2"
"594";"Melvin and Howard";"2"
"595";"Coal Miner's Daughter";"1"
"596";"The Empire Strikes Back";"1 (1)"
"597";"The Dollar Bottom";"1"
"598";"The Fly (A Légy)";"1"
"599";"From Mao to Mozart: Isaac Stern in China";"1"
"600";"Karl Hess: Toward Liberty";"1"
"601";"Moscow Does Not Believe in Tears";"1"
"602";"Kramer vs. Kramer";"5"
"603";"All That Jazz";"4"
"604";"Apocalypse Now";"2"
"605";"Norma Rae";"2"
"606";"Breaking Away";"1"
"607";"Alien";"1"
"608";"Being There";"1"
"609";"A Little Romance";"1"
"610";"Best Boy";"1"
"611";"Board and Care";"1"
"612";"Every Child";"1"
"613";"Paul Robeson: Tribute to an Artist";"1"
"614";"The Tin Drum (Die Blechtrommel)";"1"
"615";"The Black Stallion";"0 (1)"
"616";"The Deer Hunter";"5"
"617";"Coming Home";"3"
"618";"Midnight Express";"2"
"619";"Heaven Can Wait";"1"
"620";"Days of Heaven";"1"
"621";"California Suite";"1"
"622";"The Buddy Holly Story";"1"
"623";"Death on the Nile";"1"
"624";"The Flight of the Gossamer Condor";"1"
"625";"Get Out Your Handkerchiefs (Préparez vos mouchoirs)";"1"
"626";"Scared Straight!";"1"
"627";"Special Delivery";"1"
"628";"Teenage Father";"1"
"629";"Thank God It's Friday";"1"
"630";"Superman";"0 (1)"
"631";"Annie Hall";"4"
"632";"Star Wars";"6 (1)"
"633";"Julia";"3"
"634";"Close Encounters of the Third Kind";"1 (1)"
"635";"The Goodbye Girl";"1"
"636";"A Little Night Music";"1"
"637";"Gravity Is My Enemy";"1"
"638";"I'll Find a Way";"1"
"639";"Madame Rosa (La Vie devant soi)";"1"
"640";"The Sand Castle (Le Château de sable)";"1"
"641";"Who Are the DeBolts? And Where Did They Get Nineteen Kids?";"1"
"642";"You Light Up My Life";"1"
"643";"Rocky";"3"
"644";"Network";"4"
"645";"All the President's Men";"4"
"646";"Bound for Glory";"2"
"647";"A Star Is Born";"1"
"648";"Fellini's Casanova (Il Casanova di Federico Fellini)";"1"
"649";"The Omen";"1"
"650";"Black and White in Color (Noirs et blancs en couleur)";"1"
"651";"Harlan County, USA";"1"
"652";"In the Region of Ice";"1"
"653";"Leisure";"1"
"654";"Number Our Days";"1"
"655";"King Kong";"0 (1)"
"656";"Logan's Run";"0 (1)"
"657";"One Flew Over the Cuckoo's Nest";"5"
"658";"Barry Lyndon";"4"
"659";"Jaws";"3"
"660";"Dog Day Afternoon";"1"
"661";"Nashville";"1"
"662";"Shampoo";"1"
"663";"The Sunshine Boys";"1"
"664";"Angel and Big Joe";"1"
"665";"Dersu Uzala";"1"
"666";"The End of the Game";"1"
"667";"Great (Great (Isambard Kingdom Brunel))";"1"
"668";"The Man Who Skied Down Everest";"1"
"669";"The Hindenburg";"0 (2)"
"670";"The Godfather: Part II";"6"
"671";"The Towering Inferno";"3"
"672";"The Great Gatsby";"2"
"673";"Chinatown";"1"
"674";"Murder on the Orient Express";"1"
"675";"Earthquake";"1 (1)"
"676";"Alice Doesn't Live Here Anymore";"1"
"677";"Amarcord";"1"
"678";"Harry and Tonto";"1"
"679";"Closed Mondays";"1"
"680";"Don't";"1"
"681";"Hearts and Minds";"1"
"682";"One-Eyed Men Are Kings (...borgnes sont rois, Les)";"1"
"683";"The Sting";"7"
"684";"The Exorcist";"2"
"685";"The Way We Were";"2"
"686";"Cries and Whispers (Viskningar och rop)";"1"
"687";"A Touch of Class";"1"
"688";"Day for Night (La Nuit américaine)";"1"
"689";"Paper Moon";"1"
"690";"The Paper Chase";"1"
"691";"Save the Tiger";"1"
"692";"The Bolero";"1"
"693";"Frank Film";"1"
"694";"The Great American Cowboy";"1"
"695";"Princeton: A Search for Answers";"1"
"696";"The Godfather";"3"
"697";"Cabaret";"8"
"698";"The Poseidon Adventure";"1 (1)"
"699";"Travels with My Aunt";"1"
"700";"Butterflies Are Free";"1"
"701";"The Candidate";"1"
"702";"The Discreet Charm of the Bourgeoisie (Le charme discret de la bourgeoisie)";"1"
"703";"A Christmas Carol";"1"
"704";"Limelight";"1"
"705";"Marjoe";"1"
"706";"Norman Rockwell's World... An American Dream";"1"
"707";"This Tiny World";"1"
"708";"The French Connection";"5"
"709";"Fiddler on the Roof";"3"
"710";"The Last Picture Show";"2"
"711";"Nicholas and Alexandra";"2"
"712";"Sentinels of Silence";"2"
"713";"Bedknobs and Broomsticks";"1"
"714";"Summer of '42";"1"
"715";"The Garden of the Finzi-Continis (Il Giardino dei Finzi-Contini)";"1"
"716";"The Hospital";"1"
"717";"Klute";"1"
"718";"Shaft";"1"
"719";"The Crunch Bird";"1"
"720";"The Hellstrom Chronicle";"1"
"721";"Patton";"7"
"722";"Ryan's Daughter";"2"
"723";"Airport";"1"
"724";"Love Story";"1"
"725";"M*A*S*H";"1"
"726";"Tora! Tora! Tora!";"1"
"727";"Women in Love";"1"
"728";"Lovers and Other Strangers";"1"
"729";"Woodstock";"1"
"730";"Cromwell";"1"
"731";"Investigation of a Citizen Above Suspicion (Indagine su un cittadino al di sopra di ogni sospetto)";"1"
"732";"Interviews with My Lai Veterans";"1"
"733";"Is It Always Right to Be Right?";"1"
"734";"Let It Be";"1"
"735";"The Resurrection of Broncho Billy";"1"
"736";"Midnight Cowboy";"3"
"737";"Butch Cassidy and the Sundance Kid";"4"
"738";"Hello, Dolly!";"3"
"739";"Z";"2"
"740";"Anne of the Thousand Days";"1"
"741";"They Shoot Horses, Don't They?";"1"
"742";"Marooned";"1"
"743";"The Magic Machines";"1"
"744";"The Prime of Miss Jean Brodie";"1"
"745";"True Grit";"1"
"746";"Arthur Rubinstein – The Love of Life (L'amour de la vie - Artur Rubinstein)";"1"
"747";"Cactus Flower";"1"
"748";"Czechoslovakia 1968";"1"
"749";"It's Tough to Be a Bird";"1"
"750";"Oliver!";"5 (1)"
"751";"The Lion in Winter";"3"
"752";"Romeo and Juliet";"2"
"753";"Funny Girl";"1"
"754";"2001: A Space Odyssey";"1"
"755";"Bullitt";"1"
"756";"The Producers";"1"
"757";"Rosemary's Baby";"1"
"758";"The Subject Was Roses";"1"
"759";"The Thomas Crown Affair";"1"
"760";"War and Peace (Voyna i mir)";"1"
"761";"Charly";"1"
"762";"Journey into Self";"1"
"763";"Robert Kennedy Remembered";"1"
"764";"Why Man Creates";"1"
"765";"Winnie the Pooh and the Blustery Day";"1"
"766";"Planet of the Apes";"0 (1)"
"767";"In the Heat of the Night";"5"
"768";"Camelot";"3"
"769";"Bonnie and Clyde";"2"
"770";"Guess Who's Coming to Dinner";"2"
"771";"Doctor Dolittle";"2"
"772";"The Graduate";"1"
"773";"Thoroughly Modern Millie";"1"
"774";"Cool Hand Luke";"1"
"775";"The Dirty Dozen";"1"
"776";"A Place to Stand";"1"
"777";"The Anderson Platoon (La Section Anderson)";"1"
"778";"The Box";"1"
"779";"Closely Watched Trains (Ostre sledované vlaky)";"1"
"780";"The Redwoods";"1"
"781";"A Man for All Seasons";"6"
"782";"Who's Afraid of Virginia Woolf?";"5"
"783";"Grand Prix";"3"
"784";"Fantastic Voyage";"2"
"785";"A Man and a Woman";"2"
"786";"Born Free";"2"
"787";"The Fortune Cookie";"1"
"788";"A Funny Thing Happened on the Way to the Forum";"1"
"789";"A Herb Alpert and the Tijuana Brass Double Feature";"1"
"790";"The War Game";"1"
"791";"Wild Wings";"1"
"792";"A Year Toward Tomorrow";"1"
"793";"The Sound of Music";"5"
"794";"Doctor Zhivago";"5"
"795";"Darling";"3"
"796";"Ship of Fools";"2"
"797";"Cat Ballou";"1"
"798";"The Great Race";"1"
"799";"A Patch of Blue";"1"
"800";"A Thousand Clowns";"1"
"801";"The Shop on Main Street (Obchod na korze)";"1"
"802";"The Sandpiper";"1"
"803";"The Eleanor Roosevelt Story";"1"
"804";"To Be Alive!";"1"
"805";"7 Faces of Dr. Lao";"0 (1)"
"806";"7th Heaven";"3"
"807";"20,000 Leagues Under the Sea";"2"
"808";"Adventures of Don Juan";"1"
"809";"The Adventures of Robin Hood";"3"
"810";"The African Queen";"1"
"811";"Air Force";"1"
"812";"The Alamo";"1"
"813";"The Alaskan Eskimo";"1"
"814";"Albert Schweitzer";"1"
"815";"Alexander's Ragtime Band";"1"
"816";"All About Eve";"6"
"817";"All Quiet on the Western Front";"2"
"818";"All That Money Can Buy";"1"
"819";"All the King's Men";"3"
"820";"Ama Girls";"1"
"821";"America America";"1"
"822";"An American in Paris";"6"
"823";"Amphibious Fighters";"1"
"824";"Anastasia";"1"
"825";"Anchors Aweigh";"1"
"826";"Anna and the King of Siam";"2"
"827";"Annie Get Your Gun";"1"
"828";"Anthony Adverse";"4"
"829";"The Apartment";"5"
"830";"Aquatic House Party";"1"
"831";"Arise, My Love";"1"
"832";"Around the World in 80 Days";"5"
"833";"The Awful Truth";"1"
"834";"The Bachelor and the Bobby-Soxer";"1"
"835";"The Bad and the Beautiful";"5"
"836";"Bad Girl";"2"
"837";"The Barefoot Contessa";"1"
"838";"The Battle of Midway";"1"
"839";"Battleground";"2"
"840";"Bear Country";"1"
"841";"Becket";"1"
"842";"The Bells of St. Mary's";"1"
"843";"Ben-Hur";"11"
"844";"Benjy";"1"
"845";"The Bespoke Overcoat";"1"
"846";"The Best Years of Our Lives";"7 (1)"
"847";"Beyond the Line of Duty";"1"
"848";"Bicycle Thieves";"0 (1)"
"849";"The Big Broadcast of 1938";"1"
"850";"The Big Country";"1"
"851";"The Big House";"2"
"852";"Bill and Coo";"0 (1)"
"853";"Birds Anonymous";"1"
"854";"The Bishop's Wife";"1"
"855";"Black Fox: The Rise and Fall of Adolf Hitler (The Black Fox)";"1"
"856";"Black Narcissus";"2"
"857";"Black Orpheus (Orfeu Negro)";"1"
"858";"The Black Swan";"1"
"859";"Blithe Spirit";"1"
"860";"Blood and Sand";"1"
"861";"Blood on the Sun";"1"
"862";"Blossoms in the Dust";"1"
"863";"Body and Soul";"1"
"864";"Bored of Education";"1"
"865";"Born Yesterday";"1"
"866";"A Boy and His Dog";"1"
"867";"Boys Town";"2"
"868";"The Brave One";"1"
"869";"Breakfast at Tiffany's";"2"
"870";"Breaking the Sound Barrier";"1"
"871";"The Bridge of San Luis Rey";"1"
"872";"The Bridge on the River Kwai";"7"
"873";"The Bridges at Toko-Ri";"1"
"874";"Broadway Melody of 1936";"1"
"875";"The Broadway Melody";"1"
"876";"Broken Lance";"1"
"877";"Busy Little Bears";"1"
"878";"BUtterfield 8";"1"
"879";"Calamity Jane";"1"
"880";"Call Me Madam";"1"
"881";"Captain Carey, U.S.A.";"1"
"882";"Captains Courageous";"1"
"883";"Casablanca";"3"
"884";"Casals Conducts: 1964";"1"
"885";"The Cat Concerto";"1"
"886";"Cavalcade";"3"
"887";"Chagall";"1"
"888";"The Champ";"2"
"889";"Champion";"1"
"890";"A Chance to Live";"1"
"891";"The Charge of the Light Brigade";"1"
"892";"The Chicken (Le Poulet)";"1"
"893";"Churchill's Island";"1"
"894";"Cimarron";"3"
"895";"The Circus";"0 (1)"
"896";"Citizen Kane";"1"
"897";"City of Wax";"1"
"898";"Cleopatra";"1"
"899";"Cleopatra";"4"
"900";"Climbing the Matterhorn";"1"
"901";"Come and Get It";"1"
"902";"Come Back, Little Sheba";"1"
"903";"Coquette";"1"
"904";"The Country Cousin";"1"
"905";"The Country Girl";"2"
"906";"Cover Girl";"1"
"907";"The Cowboy and the Lady";"1"
"908";"Crash Dive";"1"
"909";"Crashing the Water Barrier";"1"
"910";"The Critic";"1"
"911";"La Cucaracha";"1"
"912";"Cyrano de Bergerac";"1"
"913";"A Damsel in Distress";"1"
"914";"Dangerous";"1"
"915";"The Dark Angel";"1"
"916";"The Dawn Patrol";"1"
"917";"Day of the Painter";"1"
"918";"Daybreak in Udi";"1"
"919";"Days of Wine and Roses";"1"
"920";"December 7th";"1"
"921";"Declaration of Independence";"1"
"922";"The Defiant Ones";"2"
"923";"Der Fuehrer's Face";"1"
"924";"Desert Victory";"1"
"925";"Design for Death";"1"
"926";"Designing Woman";"1"
"927";"Destination Moon";"1"
"928";"The Diary of Anne Frank";"3"
"929";"Disraeli";"1"
"930";"The Divine Lady";"1"
"931";"Divorce Italian Style";"1"
"932";"The Divorcee";"1"
"933";"Dodsworth";"1"
"934";"The Dot and the Line (The Dot and the Line: A Romance in Lower Mathematics)";"1"
"935";"A Double Life";"2"
"936";"The Dove";"1"
"937";"Dr. Jekyll and Mr. Hyde";"1"
"938";"Dumbo";"1"
"939";"Dylan Thomas";"1"
"940";"East of Eden";"1"
"941";"Easter Parade";"1"
"942";"Elmer Gantry";"3"
"943";"The Enemy Below";"1"
"944";"Eskimo";"1"
"945";"Exodus";"1"
"946";"The Face of Lincoln";"1"
"947";"Facing Your Danger";"1"
"948";"The Facts of Life";"1"
"949";"Fantasia";"0 (2)"
"950";"A Farewell to Arms";"2"
"951";"The Farmer's Daughter";"1"
"952";"Father Goose";"1"
"953";"Federico Fellini's 8½";"2"
"954";"Ferdinand the Bull";"1"
"955";"The Fighting Lady";"1"
"956";"First Steps";"1"
"957";"Flowers and Trees";"1"
"958";"Folies Bergere";"1"
"959";"For Scent-imental Reasons";"1"
"960";"For Whom the Bell Tolls";"1"
"961";"Forbidden Games";"0 (1)"
"962";"A Force in Readiness";"0 (1)"
"963";"A Free Soul";"1"
"964";"Frenchman's Creek";"1"
"965";"From Here to Eternity";"8"
"966";"The Garden of Allah";"0 (1)"
"967";"Gaslight";"2"
"968";"Gate of Hell (Jigokumon)";"1 (1)"
"969";"The Gay Divorcee";"1"
"970";"Gentleman's Agreement";"3"
"971";"Gerald McBoing-Boing";"1"
"972";"Giant";"1"
"973";"Gigi";"9"
"974";"Giuseppina";"1"
"975";"Give Me Liberty";"1"
"976";"Glass (Glas)";"1"
"977";"The Glenn Miller Story";"1"
"978";"Going My Way";"7"
"979";"Gold Diggers of 1935";"1"
"980";"The Golden Fish (Histoire d'un poisson rouge)";"1"
"981";"Goldfinger";"1"
"982";"Gone with the Wind";"8 (2)"
"983";"The Good Earth";"2"
"984";"Goodbye, Miss Turlock";"1"
"985";"Goodbye, Mr. Chips";"1"
"986";"Grand Canyon";"1"
"987";"Grand Hotel";"1"
"988";"Grandad of Races";"1"
"989";"The Grapes of Wrath";"2"
"990";"The Great Caruso";"1"
"991";"Great Expectations";"2"
"992";"The Great Lie";"1"
"993";"The Great McGinty";"1"
"994";"The Great Waltz";"1"
"995";"The Great Ziegfeld";"3"
"996";"The Greatest Show on Earth";"2"
"997";"Green Dolphin Street";"1"
"998";"The Guns of Navarone";"1"
"999";"Hamlet";"4"
"1000";"Happy Anniversary (Heureux Anniversaire)";"1"
"1001";"Harvey";"1"
"1002";"The Harvey Girls";"1"
"1003";"Heavenly Music";"1"
"1004";"The Heiress";"4"
"1005";"Helen Keller in Her Story (The Unconquered)";"1"
"1006";"Hello, Frisco, Hello";"1"
"1007";"Henry V";"0 (1)"
"1008";"Here Comes Mr. Jordan";"2"
"1009";"Here Comes the Groom";"1"
"1010";"The High and the Mighty";"1"
"1011";"High Noon";"4"
"1012";"Hitler Lives";"1"
"1013";"A Hole in the Head";"1"
"1014";"The Hole";"1"
"1015";"Holiday Inn";"1"
"1016";"The Horse with the Flying Tail";"1"
"1017";"The House I Live In";"0 (1)"
"1018";"The House on 92nd Street";"1"
"1019";"How Green Was My Valley";"5"
"1020";"How the West Was Won";"3"
"1021";"How to Sleep";"1"
"1022";"Hud";"3"
"1023";"The Human Comedy";"1"
"1024";"The Hurricane";"1"
"1025";"The Hustler";"2"
"1026";"I Want to Live!";"1"
"1027";"I Wanted Wings";"1"
"1028";"I Won't Play";"1"
"1029";"I'll Cry Tomorrow";"1"
"1030";"In Beaver Valley";"1"
"1031";"In Old Arizona";"1"
"1032";"In Old Chicago";"2"
"1033";"In Which We Serve";"0 (1)"
"1034";"The Informer";"4"
"1035";"Interrupted Melody";"1"
"1036";"The Invaders";"1"
"1037";"Irma la Douce";"1"
"1038";"It Happened One Night";"5"
"1039";"It's a Mad, Mad, Mad, Mad World";"1"
"1040";"The Jazz Singer";"0 (1)"
"1041";"Jezebel";"2"
"1042";"Joan of Arc";"2 (1)"
"1043";"Johann Mouse";"1"
"1044";"Johnny Belinda";"1"
"1045";"Johnny Eager";"1"
"1046";"The Joker Is Wild";"1"
"1047";"The Jolson Story";"2"
"1048";"Judgment at Nuremberg";"2"
"1049";"Julius Caesar";"1"
"1050";"Kentucky";"1"
"1051";"Key Largo";"1"
"1052";"The King and I";"5"
"1053";"King of Jazz";"1"
"1054";"King Solomon's Mines";"2"
"1055";"Kitty Foyle (Kitty Foyle: The Natural History of a Woman)";"1"
"1056";"Knighty Knight Bugs";"1"
"1057";"Kokoda Front Line!";"1"
"1058";"Kon-Tiki";"1"
"1059";"Krakatoa";"1"
"1060";"Kukan";"0 (1)"
"1061";"La Strada (The Road)";"1"
"1062";"La Dolce Vita";"1"
"1063";"Lady Be Good";"1"
"1064";"The Last Command";"1"
"1065";"Laura";"1"
"1066";"The Lavender Hill Mob";"1"
"1067";"Lawrence of Arabia";"7"
"1068";"Leave Her to Heaven";"1"
"1069";"Lend a Paw";"1"
"1070";"Les Girls";"1"
"1071";"A Letter to Three Wives";"2"
"1072";"The Life of Emile Zola";"3"
"1073";"Light in the Window";"1"
"1074";"Lili";"1"
"1075";"Lilies of the Field";"1"
"1076";"The Little Kidnappers (The Kidnappers)";"0 (2)"
"1077";"The Little Orphan";"1"
"1078";"Little Women";"1"
"1079";"Little Women";"1"
"1080";"The Lives of a Bengal Lancer";"1"
"1081";"The Living Desert";"1"
"1082";"The Longest Day";"2"
"1083";"Lost Horizon";"2"
"1084";"The Lost Weekend";"4"
"1085";"Love Is a Many-Splendored Thing";"3"
"1086";"Love Me or Leave Me";"1"
"1087";"Lust for Life";"1"
"1088";"Magoo's Puddle Jumper";"1"
"1089";"Main Street on the March!";"1"
"1090";"The Man Who Knew Too Much";"1"
"1091";"Manhattan Melodrama";"1"
"1092";"Marie-Louise";"1"
"1093";"Marty";"4"
"1094";"Mary Poppins";"5"
"1095";"Men Against the Arctic";"1"
"1096";"The Merry Widow";"1"
"1097";"A Midsummer Night's Dream";"2"
"1098";"Mighty Joe Young";"1"
"1099";"Mildred Pierce";"1"
"1100";"The Milky Way";"1"
"1101";"Min and Bill";"1"
"1102";"Miracle on 34th Street";"3"
"1103";"The Miracle Worker";"2"
"1104";"Mister Roberts";"1"
"1105";"Monsieur Vincent";"0 (1)"
"1106";"Moonbird";"1"
"1107";"The More the Merrier";"1"
"1108";"Morning Glory";"1"
"1109";"Moscow Strikes Back";"1"
"1110";"Mother Wore Tights";"1"
"1111";"Moulin Rouge";"2"
"1112";"Mouse Trouble";"1"
"1113";"Mr. Deeds Goes to Town";"1"
"1114";"Mr. Smith Goes to Washington";"1"
"1115";"Mrs. Miniver";"6"
"1116";"Munro";"1"
"1117";"The Music Box";"1"
"1118";"The Music Man";"1"
"1119";"Mutiny on the Bounty";"1"
"1120";"My Fair Lady";"8"
"1121";"My Uncle (Mon oncle)";"1"
"1122";"My Gal Sal";"1"
"1123";"The Naked City";"2"
"1124";"National Velvet";"2"
"1125";"Nature's Half Acre";"1"
"1126";"Naughty Marietta";"1"
"1127";"Neighbours";"1"
"1128";"Neptune's Daughter";"1"
"1129";"Never on Sunday (Pote tin Kyriaki)";"1"
"1130";"The Night of the Iguana";"1"
"1131";"Nights of Cabiria (Le Notti di Cabiria)";"1"
"1132";"Nine from Little Rock";"1"
"1133";"None But the Lonely Heart";"1"
"1134";"North West Mounted Police";"1"
"1135";"Now, Voyager";"1"
"1136";"An Occurrence at Owl Creek Bridge";"1"
"1137";"Of Pups and Puzzles";"1"
"1138";"Oklahoma!";"2"
"1139";"The Old Man and the Sea";"1"
"1140";"The Old Mill";"1"
"1141";"On the Town";"1"
"1142";"On the Waterfront";"8"
"1143";"One Hundred Men and a Girl";"1"
"1144";"One Night of Love";"2"
"1145";"One Way Passage";"1"
"1146";"Overture to The Merry Wives of Windsor";"1"
"1147";"The Paleface";"1"
"1148";"Panic in the Streets";"1"
"1149";"Papa's Delicate Condition";"1"
"1150";"The Patriot";"1"
"1151";"Penny Wisdom";"1"
"1152";"Phantom of the Opera";"2"
"1153";"The Philadelphia Story";"2"
"1154";"Picnic";"2"
"1155";"The Picture of Dorian Gray";"1"
"1156";"Pillow Talk";"1"
"1157";"The Pink Phink";"1"
"1158";"Pinocchio";"2"
"1159";"A Place in the Sun";"6"
"1160";"Plymouth Adventure";"1"
"1161";"Pollyanna";"0 (1)"
"1162";"Porgy and Bess";"1"
"1163";"Portrait of Jennie";"1"
"1164";"Prelude to War";"1"
"1165";"Pride and Prejudice";"1"
"1166";"The Pride of the Yankees";"1"
"1167";"Princess O'Rourke";"1"
"1168";"The Private Life of Henry VIII";"1"
"1169";"The Private Life of the Gannets";"1"
"1170";"Project Hope";"1"
"1171";"The Public Pays";"1"
"1172";"Pygmalion";"1"
"1173";"Quicker'n a Wink";"1"
"1174";"The Quiet Man";"2"
"1175";"Quiet Please!";"1"
"1176";"The Rains Came";"1"
"1177";"Rashomon";"0 (1)"
"1178";"The Razor's Edge";"1"
"1179";"Reap the Wild Wind";"1"
"1180";"Rebecca";"2"
"1181";"The Red Balloon (Le ballon rouge)";"1"
"1182";"The Red Shoes";"2"
"1183";"The Robe";"2"
"1184";"Robert Frost: A Lover's Quarrel with the World";"1"
"1185";"Roman Holiday";"3"
"1186";"Room at the Top";"2"
"1187";"The Rose Tattoo";"3"
"1188";"Sabrina";"1"
"1189";"Samson and Delilah";"2"
"1190";"Samurai I: Musashi Miyamoto (Miyamoto Musashi)";"0 (1)"
"1191";"San Francisco";"1"
"1192";"Sayonara";"4"
"1193";"The Scoundrel";"1"
"1194";"The Sea Around Us";"1"
"1195";"Seal Island";"1"
"1196";"The Search";"1 (1)"
"1197";"Seawards the Great Ships";"1"
"1198";"The Secret Land";"1"
"1199";"Seeds of Destiny";"1"
"1200";"Separate Tables";"2"
"1201";"Serengeti Shall Not Die (Serengeti darf nicht sterben)";"1"
"1202";"Sergeant York";"2"
"1203";"Seven Brides for Seven Brothers";"1"
"1204";"Seven Days to Noon";"1"
"1205";"The Seventh Veil";"1"
"1206";"Shane";"1"
"1207";"Shanghai Express";"1"
"1208";"She Wore a Yellow Ribbon";"1"
"1209";"Shoeshine (Sciuscià)";"0 (1)"
"1210";"The Silent World (Le Monde du silence)";"1"
"1211";"The Sin of Madelon Claudet";"1"
"1212";"Since You Went Away";"1"
"1213";"Skippy";"1"
"1214";"Sky Above and Mud Beneath (Le Ciel et la boue)";"1"
"1215";"The Snake Pit";"1"
"1216";"Snow White and the Seven Dwarfs";"0 (1)"
"1217";"So Much for So Little";"1"
"1218";"So This Is Harris!";"1"
"1219";"The Solid Gold Cadillac";"1"
"1220";"Some Like It Hot";"1"
"1221";"Somebody Up There Likes Me";"2"
"1222";"The Song of Bernadette";"4"
"1223";"Song of the South";"1 (1)"
"1224";"Song Without End";"1"
"1225";"Sons and Lovers";"1"
"1226";"Sons of Liberty";"1"
"1227";"South Pacific";"1"
"1228";"Spartacus";"4"
"1229";"Spawn of the North";"0 (1)"
"1230";"Speaking of Animals and Their Families";"1"
"1231";"Speedy Gonzales";"1"
"1232";"Spellbound";"1"
"1233";"Splendor in the Grass";"1"
"1234";"Stagecoach";"2"
"1235";"Stairway to Light";"1"
"1236";"Stalag 17";"1"
"1237";"Star in the Night";"1"
"1238";"A Star Is Born";"1 (1)"
"1239";"State Fair";"1"
"1240";"The Story of Louis Pasteur";"3"
"1241";"The Stratton Story";"1"
"1242";"Street Angel";"1"
"1243";"A Streetcar Named Desire";"4"
"1244";"Strike Up the Band";"1"
"1245";"The Substitute";"1"
"1246";"Sundays and Cybele (Le Dimanches de Ville d'Avray)";"1"
"1247";"Sunrise";"3"
"1248";"Sunset Boulevard";"3"
"1249";"Survival City";"1"
"1250";"Suspicion";"1"
"1251";"Sweet Bird of Youth";"1"
"1252";"Sweethearts";"0 (1)"
"1253";"Swing Time";"1"
"1254";"Symphony of a City";"1"
"1255";"Tabu";"1"
"1256";"Target for Tonight";"0 (1)"
"1257";"Teddy, the Rough Rider";"1"
"1258";"Tempest";"1"
"1259";"The Ten Commandments";"1"
"1260";"That Hamilton Woman";"1"
"1261";"That Mothers Might Live";"1"
"1262";"The Thief of Bagdad";"3"
"1263";"The Third Man";"1"
"1264";"Thirty Seconds Over Tokyo";"1"
"1265";"This Above All";"1"
"1266";"This Is the Army";"1"
"1267";"This Land Is Mine";"1"
"1268";"This Mechanical Age";"1"
"1269";"Three Coins in the Fountain";"2"
"1270";"The Three Faces of Eve";"1"
"1271";"Three Little Pigs";"1"
"1272";"Three Orphan Kittens";"1"
"1273";"Through a Glass Darkly (Såsom i en spegel)";"1"
"1274";"Thunderball";"1"
"1275";"Thursday's Children";"1"
"1276";"The Time Machine";"1"
"1277";"A Time Out of War";"1"
"1278";"Tin Pan Alley";"1"
"1279";"The Titan: Story of Michelangelo";"1"
"1280";"Titanic";"1"
"1281";"To Catch a Thief";"1"
"1282";"To Each His Own";"1"
"1283";"To Kill a Mockingbird";"3"
"1284";"Tom Jones";"4"
"1285";"tom thumb";"1"
"1286";"Toot, Whistle, Plunk and Boom";"1"
"1287";"Topkapi";"1"
"1288";"The Tortoise and the Hare";"1"
"1289";"Torture Money";"1"
"1290";"Toward Independence";"1"
"1291";"Transatlantic";"1"
"1292";"The Treasure of the Sierra Madre";"3"
"1293";"A Tree Grows in Brooklyn";"1"
"1294";"The True Glory";"1"
"1295";"The True Story of the Civil War";"1"
"1296";"Tweetie Pie";"1"
"1297";"Twelve O'Clock High";"2"
"1298";"Two Arabian Knights";"1"
"1299";"The Two Mouseketeers";"1"
"1300";"Two Women (La Ciociara)";"1"
"1301";"The Ugly Duckling";"1"
"1302";"Underworld";"1"
"1303";"The V.I.P.s";"1"
"1304";"Vacation from Marriage (UK title Perfect Strangers)";"1"
"1305";"Van Gogh";"1"
"1306";"The Vanishing Prairie";"1"
"1307";"The Virgin Spring (Jungfrukällan)";"1"
"1308";"Viva Villa!";"1"
"1309";"Viva Zapata!";"1"
"1310";"Waikiki Wedding";"1"
"1311";"The Walls of Malapaga";"0 (1)"
"1312";"The War of the Worlds";"1"
"1313";"Watch on the Rhine";"1"
"1314";"Water Birds";"1"
"1315";"The Way of All Flesh";"1"
"1316";"West Side Story";"10"
"1317";"The Westerner";"1"
"1318";"The Wetback Hound";"1"
"1319";"What Ever Happened to Baby Jane?";"1"
"1320";"When Tomorrow Comes";"1"
"1321";"When Magoo Flew";"1"
"1322";"When Worlds Collide";"1"
"1323";"White Shadows in the South Seas";"1"
"1324";"White Wilderness";"1"
"1325";"Who's Who in Animal Land";"1"
"1326";"Why Korea?";"1"
"1327";"Wilson";"5"
"1328";"Wings";"2"
"1329";"Wings Over Everest";"1"
"1330";"With a Song in My Heart";"1"
"1331";"With Byrd at the South Pole";"1"
"1332";"With the Marines at Tarawa";"1"
"1333";"The Wizard of Oz";"2"
"1334";"Woman of the Year";"1"
"1335";"Wonder Man";"1"
"1336";"The Wonderful World of the Brothers Grimm";"1"
"1337";"World of Kids";"1"
"1338";"World Without Sun (Le Monde sans soleil)";"1"
"1339";"Wrestling Swordfish";"1"
"1340";"Written on the Wind";"1"
"1341";"Wuthering Heights";"1"
"1342";"Yankee Doodle Dandy";"3"
"1343";"The Yankee Doodle Mouse";"1"
"1344";"The Yearling";"2"
"1345";"Yesterday, Today and Tomorrow (Ieri, oggi, domani)";"1"
"1346";"You Can't Take It with You";"2"
"1347";"Zorba the Greek (Alexis Zorbas)";"3"
